userId,first_name,last_name,phone,email,password,ratingCount
0,xxx,xxx,xxx,xxx,xxx,0
1,James,Butt,504-621-8927,jbutt@gmail.com,TCayBJj8,239
2,Josephine,Darakjy,810-292-9388,josephine_darakjy@darakjy.org,DN2mcQWX,30
3,Art,Venere,856-636-8749,art@venere.org,DXm8vz3T,39
4,Lenna,Paprocki,907-385-4412,lpaprocki@hotmail.com,jx2AJpEq,216
5,Donette,Foller,513-570-1893,donette.foller@cox.net,GtZAn5eD,44
6,Simona,Morasca,419-503-2484,simona@morasca.com,7KxBbLd3,314
7,Mitsue,Tollner,773-573-6914,mitsue_tollner@yahoo.com,LCfkcU8B,152
8,dipak,rai,0,dipak123@gmailcom,dipak123,0
9,Yukta,Shrestha,0,Yukta123@gmail.com,Yukta123,0
